id,first_name,last_name,email,gender,country,phone,birthdate,credit_card_type,credit_card_number,credit_card_main_currency,active,account_type
5,Rafaelia,Kauschke,rkauschke4@si.edu,Female,Poland,928-273-8342,1996-08-25T00:00:00.000+02:00,jcb,3561319522681815,THB,true,3XL
7,Tallou,Varnam,tvarnam6@blog.com,Female,France,575-370-8479,1951-08-21T00:00:00.000+01:00,jcb,3580616746883854,CDF,true,3XL
11,Genevieve,Quartley,gquartleya@t-online.de,Female,France,417-377-3159,1956-11-28T00:00:00.000+01:00,switch,5641820584144864,MYR,true,S
14,Sallyann,Hedden,sheddend@is.gd,Female,Poland,535-290-5171,1980-11-05T00:00:00.000+01:00,visa,4017951044835830,USD,true,L
15,Raffaello,Matthensen,rmatthensene@youtube.com,Male,France,382-486-3665,1976-08-11T00:00:00.000+01:00,americanexpress,374283784290504,RUB,true,3XL
17,Ulrick,Blaik,ublaikg@nhs.uk,Male,Poland,548-484-2744,1999-04-28T00:00:00.000+02:00,jcb,3556383508523935,RUB,true,M
20,Helga,Postin,hpostinj@list-manage.com,Female,Poland,578-468-2930,1991-11-24T00:00:00.000+01:00,mastercard,5244965560982661,MDL,true,S
23,Steffane,Maxwell,smaxwellm@mlb.com,Bigender,France,841-544-4814,1992-10-27T00:00:00.000+01:00,diners-club-carte-blanche,30288856083808,BRL,true,3XL
29,Honoria,Nisco,hniscos@facebook.com,Female,Poland,838-758-2555,1957-09-13T00:00:00.000+02:00,jcb,3580778191819724,THB,true,S
33,Tobit,Peterkin,tpeterkinw@accuweather.com,Male,Poland,609-136-2474,1977-03-15T00:00:00.000+01:00,americanexpress,337941645084079,BRL,true,XL
35,Jemmy,Honisch,jhonischy@furl.net,Agender,France,141-841-3915,1996-09-07T00:00:00.000+02:00,jcb,3548423502286120,CNY,true,L
36,Peadar,Ibbs,pibbsz@smh.com.au,Male,Poland,830-468-7183,1986-09-11T00:00:00.000+02:00,jcb,3541602591276327,BRL,true,M
37,Hamish,Brighty,hbrighty10@hugedomains.com,Male,France,357-629-3397,1951-07-23T00:00:00.000+01:00,instapayment,6399406219389207,AFN,true,XL
38,Stefan,Nitti,snitti11@huffingtonpost.com,Male,Poland,172-297-9181,1969-04-07T00:00:00.000+01:00,switch,6333860602729716606,PHP,true,S
39,Gerald,Scaplehorn,gscaplehorn12@fotki.com,Male,France,326-651-5474,1973-05-26T00:00:00.000+01:00,jcb,3572182428604928,IDR,true,M
43,Alric,Shawcross,ashawcross16@google.de,Male,France,451-777-1729,1960-07-21T00:00:00.000+02:00,jcb,3564202385284207,CZK,true,S
44,Nobie,Shillaber,nshillaber17@ucsd.edu,Male,Poland,413-284-5613,1976-04-12T00:00:00.000+01:00,jcb,3553557794323364,IRR,true,2XL
46,Laughton,Castillou,lcastillou19@joomla.org,Male,Poland,413-635-3632,1956-07-19T00:00:00.000+01:00,switch,4911112503570771057,CNY,true,XS
49,Ave,Girardini,agirardini1c@360.cn,Male,France,522-279-0841,1990-02-16T00:00:00.000+01:00,jcb,3547519199476956,CZK,true,2XL
52,Melisent,Daingerfield,mdaingerfield1f@miibeian.gov.cn,Bigender,Poland,319-534-6007,1957-03-11T00:00:00.000+01:00,jcb,3588949987876689,CNY,true,2XL
62,Matthus,Ruckledge,mruckledge1p@rakuten.co.jp,Male,Poland,329-457-9639,1992-09-24T00:00:00.000+02:00,china-unionpay,5602252697721049,CNY,true,2XL
63,Andrea,Threadgall,athreadgall1q@nsw.gov.au,Male,France,566-768-3736,1989-05-12T00:00:00.000+02:00,visa-electron,4405340017574354,IDR,true,XS
69,Rani,Bennion,rbennion1w@youku.com,Female,France,797-353-4902,1952-09-21T00:00:00.000+01:00,jcb,3544469311576122,CNY,true,L
70,Leia,Bold,lbold1x@jiathis.com,Female,France,916-537-9778,1976-04-27T00:00:00.000+01:00,diners-club-carte-blanche,30591806742542,IDR,true,L
75,Seamus,Gavrielly,sgavrielly22@cam.ac.uk,Male,France,495-543-9485,1963-03-07T00:00:00.000+01:00,laser,670975523938074590,EUR,true,2XL
76,Tab,Severns,tseverns23@wikimedia.org,Male,France,679-430-4306,1984-06-07T00:00:00.000+02:00,jcb,3544210276123181,LYD,true,2XL
85,Ardith,Claasen,aclaasen2c@twitter.com,Female,Poland,967-700-0493,1967-01-06T00:00:00.000+01:00,maestro,58931240443706860,XCD,true,2XL
95,Powell,Penhaleurack,ppenhaleurack2m@163.com,Male,Poland,568-485-1518,1997-12-23T00:00:00.000+01:00,jcb,3566704530131678,IRR,true,L
99,Alexandrina,Cambridge,acambridge2q@godaddy.com,Female,France,739-160-2553,1952-03-18T00:00:00.000+01:00,jcb,3566330233175927,GHS,true,S
103,Cammie,Bridal,cbridal2u@cloudflare.com,Female,Poland,418-141-2519,1995-03-21T00:00:00.000+01:00,laser,630490387334681196,CNY,true,XL
104,Dyna,Larroway,dlarroway2v@weibo.com,Female,France,677-408-4699,1961-09-29T00:00:00.000+02:00,mastercard,5100138682832254,CNY,true,XS
107,Stefano,Wither,swither2y@omniture.com,Male,Poland,762-915-1660,1961-02-17T00:00:00.000+01:00,maestro,50385042322306988,RUB,true,XL
109,Blinnie,Dresche,bdresche30@facebook.com,Female,France,452-381-3091,1953-01-28T00:00:00.000+01:00,jcb,3551903656967967,CNY,true,S
112,Earl,Ladloe,eladloe33@reverbnation.com,Male,Poland,917-262-4321,1985-01-06T00:00:00.000+01:00,jcb,3535754094758364,EUR,true,XS
115,Corbett,McAless,cmcaless36@ucsd.edu,Male,France,509-732-2942,1996-10-24T00:00:00.000+02:00,visa-electron,4175005519006928,CNY,true,XS
116,Nicoli,Connue,nconnue37@ustream.tv,Female,France,964-738-2062,1967-04-13T00:00:00.000+01:00,china-unionpay,560225960709459868,CNY,true,M
117,Shepherd,Macellar,smacellar38@amazon.de,Male,Poland,544-560-7356,1996-09-03T00:00:00.000+02:00,maestro,60465082170835284,BRL,true,S
123,Freddy,Herity,fherity3e@clickbank.net,Male,France,276-467-6002,1978-09-20T00:00:00.000+02:00,china-unionpay,56022176057063285,JOD,true,L
124,Rikki,McQuilliam,rmcquilliam3f@amazon.de,Female,Poland,630-879-1946,1963-05-02T00:00:00.000+01:00,jcb,3539258954558191,IDR,true,XS
132,Danie,Pantin,dpantin3n@businesswire.com,Male,France,643-797-5260,1988-07-10T00:00:00.000+02:00,diners-club-carte-blanche,30451861896263,BOB,true,M
135,Jocelyne,Cesco,jcesco3q@github.com,Female,France,690-773-6913,1997-12-24T00:00:00.000+01:00,maestro,5038292935966620,IDR,true,S
138,Nollie,MacGahy,nmacgahy3t@google.ca,Female,Poland,539-891-2970,1968-08-31T00:00:00.000+01:00,jcb,3544858731415145,EUR,true,M
141,Adelind,Jiggins,ajiggins3w@studiopress.com,Female,France,210-181-9600,1986-01-12T00:00:00.000+01:00,visa-electron,4508245969816537,ARS,true,S
142,Celestyna,Brymham,cbrymham3x@usa.gov,Female,France,787-257-4494,1973-01-07T00:00:00.000+01:00,diners-club-international,36497955309873,MRO,true,3XL
148,Clarisse,Rosenbloom,crosenbloom43@google.it,Female,France,388-461-9831,1997-03-14T00:00:00.000+01:00,china-unionpay,5602249646510422628,CNY,true,XL
150,Cyndia,Lack,clack45@amazon.co.uk,Female,Poland,414-499-7351,1972-08-27T00:00:00.000+01:00,switch,6331107704239193,HRK,true,XL
155,Mira,Liddiard,mliddiard4a@unc.edu,Female,France,766-333-5868,1994-04-22T00:00:00.000+02:00,mastercard,5100142955708233,CNY,true,S
156,Burgess,Hallahan,bhallahan4b@barnesandnoble.com,Male,Poland,212-357-6132,1972-02-15T00:00:00.000+01:00,jcb,3530221259371479,CZK,true,M
160,Kit,Mattei,kmattei4f@free.fr,Male,France,809-576-2171,1990-11-28T00:00:00.000+01:00,jcb,3550775743240884,AFN,true,XL
163,Richmond,Madge,rmadge4i@livejournal.com,Polygender,France,757-930-3130,1956-06-12T00:00:00.000+01:00,jcb,3535682687119076,CZK,true,XL
168,Viva,Camamile,vcamamile4n@hugedomains.com,Female,France,609-837-8934,1979-01-05T00:00:00.000+01:00,switch,4936591495104522683,CZK,true,S
170,Rosalie,Annakin,rannakin4p@feedburner.com,Female,France,411-542-5882,1953-03-28T00:00:00.000+01:00,diners-club-us-ca,5594374181691940,CZK,true,S
171,Elysha,Cisar,ecisar4q@nasa.gov,Female,France,853-535-3521,1972-07-07T00:00:00.000+01:00,jcb,3582627329134183,KMF,true,3XL
177,Brier,Dymocke,bdymocke4w@businessweek.com,Female,France,757-830-3743,1990-12-31T00:00:00.000+01:00,instapayment,6373170433976054,IDR,true,L
179,Sid,Dobrovolski,sdobrovolski4y@noaa.gov,Male,Poland,599-168-2520,1993-05-21T00:00:00.000+02:00,jcb,3536338158678459,RUB,true,3XL
183,Edd,Piercy,epiercy52@netlog.com,Male,Poland,928-671-0896,1975-08-13T00:00:00.000+01:00,jcb,3588554625571666,TRY,true,L
184,Noel,Siuda,nsiuda53@4shared.com,Male,Poland,665-765-4645,1965-05-23T00:00:00.000+01:00,laser,67716131079613730,CNY,true,XL
188,Baillie,Goneau,bgoneau57@printfriendly.com,Male,France,951-955-5447,1991-01-20T00:00:00.000+01:00,jcb,3557702650368170,JOD,true,XS
189,Leicester,Trouncer,ltrouncer58@cnbc.com,Male,France,886-356-2994,1970-12-01T00:00:00.000+01:00,visa-electron,4508358707488871,SEK,true,2XL
192,Kerianne,Sones,ksones5b@tuttocitta.it,Female,Poland,857-109-6488,1980-01-28T00:00:00.000+01:00,jcb,3573697326255274,MYR,true,L
207,Pamella,Brittlebank,pbrittlebank5q@cam.ac.uk,Female,Poland,887-354-9176,1975-03-02T00:00:00.000+01:00,diners-club-enroute,201557064994250,CNY,true,2XL
210,Aurea,Roome,aroome5t@deviantart.com,Female,France,524-576-0085,1965-12-02T00:00:00.000+01:00,jcb,3537707266228184,CNY,true,M
211,Fanni,Brandts,fbrandts5u@cam.ac.uk,Female,Poland,289-351-7374,1979-08-21T00:00:00.000+02:00,mastercard,5429198137172262,IDR,true,S
212,Nari,Pearlman,npearlman5v@hhs.gov,Female,Poland,113-464-0698,1981-03-14T00:00:00.000+01:00,diners-club-enroute,201788015176982,CAD,true,XS
217,Demetris,Clabburn,dclabburn60@blogtalkradio.com,Male,Poland,754-839-6323,1974-02-10T00:00:00.000+01:00,visa,4903396794878,BRL,true,M
219,Stanislas,Jendrich,sjendrich62@arizona.edu,Male,France,573-783-8579,1983-06-29T00:00:00.000+02:00,maestro,50386492012342380,CNY,true,2XL
222,Lenette,Gaynes,lgaynes65@scientificamerican.com,Female,Poland,291-318-0609,1976-10-12T00:00:00.000+01:00,jcb,3555209974018301,MMK,true,XS
223,Shelly,Guinan,sguinan66@webs.com,Female,Poland,780-429-3342,1994-09-22T00:00:00.000+02:00,jcb,3541520350596760,AFN,true,XS
224,Clemente,Branchett,cbranchett67@yelp.com,Male,France,934-325-7850,1995-07-19T00:00:00.000+02:00,jcb,3532028214792865,JPY,true,S
225,Adolphus,de Amaya,adeamaya68@virginia.edu,Male,Poland,672-996-0802,1999-11-19T00:00:00.000+01:00,jcb,3574499379973112,MUR,true,2XL
227,Otho,Pelchat,opelchat6a@feedburner.com,Bigender,Poland,255-272-2844,1987-10-20T00:00:00.000+01:00,jcb,3539984574514146,CNY,true,L
233,Terry,Hinners,thinners6g@examiner.com,Male,France,887-801-2617,1984-07-04T00:00:00.000+02:00,jcb,3537822412505508,SEK,true,XS
234,Ricky,Housam,rhousam6h@java.com,Male,France,852-440-2445,1983-08-03T00:00:00.000+02:00,mastercard,5400634199470270,ILS,true,2XL
240,Birgitta,Igo,bigo6n@mashable.com,Female,France,223-506-1872,1963-04-11T00:00:00.000+01:00,jcb,3585440578096377,IDR,true,L
257,Kat,Olczyk,kolczyk74@admin.ch,Polygender,Poland,945-159-4594,1975-11-10T00:00:00.000+01:00,diners-club-carte-blanche,30443064263672,PHP,true,L
260,Merell,Claeskens,mclaeskens77@independent.co.uk,Male,France,749-843-4725,1992-04-27T00:00:00.000+02:00,china-unionpay,5602218245456172,PHP,true,L
272,Derrik,Dyhouse,ddyhouse7j@epa.gov,Male,Poland,120-994-5711,1988-09-01T00:00:00.000+02:00,china-unionpay,5602234472542738668,IDR,true,2XL
275,Hagan,Kempshall,hkempshall7m@wp.com,Male,France,836-887-5888,1989-03-09T00:00:00.000+01:00,bankcard,5610111222648814,CNY,true,S
278,Celka,Waghorn,cwaghorn7p@hhs.gov,Female,Poland,372-498-8476,1988-12-15T00:00:00.000+01:00,visa,4041595861247247,RUB,true,L
279,Jillayne,Meriot,jmeriot7q@tripadvisor.com,Agender,Poland,239-130-7812,1951-06-03T00:00:00.000+01:00,jcb,3557027530113574,IDR,true,XS
280,Travers,Pittet,tpittet7r@vistaprint.com,Male,Poland,526-811-0958,1983-01-15T00:00:00.000+01:00,jcb,3560407965015517,PLN,true,XL
282,Vern,Robyns,vrobyns7t@soup.io,Male,Poland,372-572-9813,1961-01-05T00:00:00.000+01:00,visa,4041375541349,PHP,true,3XL
283,Paddie,Tebald,ptebald7u@123-reg.co.uk,Male,Poland,864-681-1991,1994-01-22T00:00:00.000+01:00,maestro,5020261522463960,SEK,true,M
287,Cacilie,Leile,cleile7y@ustream.tv,Female,Poland,746-519-1859,1995-02-12T00:00:00.000+01:00,jcb,3574050845507891,PHP,true,3XL
295,Georgia,Guislin,gguislin86@purevolume.com,Female,France,264-204-7929,1952-02-04T00:00:00.000+01:00,jcb,3534981516088168,CZK,true,XL
